Imagenes,Nombre,Precio
https://acdn.mitiendanube.com/assets/themes/cubo/static/images/empty-placeholder.png,Figura Porunga con esferas Dragon Ball,$80.000
https://acdn.mitiendanube.com/assets/themes/cubo/static/images/empty-placeholder.png,Tazas Magicas Dragon Ball,$9.500
https://acdn.mitiendanube.com/assets/themes/cubo/static/images/empty-placeholder.png,Llaveros Funko Dragon Ball,$5.500
https://acdn.mitiendanube.com/assets/themes/cubo/static/images/empty-placeholder.png,Colgante Dragon Ball Dije Z,$4.000
https://acdn.mitiendanube.com/assets/themes/cubo/static/images/empty-placeholder.png,"Set Las 7 Esferas de Dragon, Dragon Ball (mediano)",$39.000
https://acdn.mitiendanube.com/assets/themes/cubo/static/images/empty-placeholder.png,"Malla Dragon Ball Goku , original toei",$8.800
https://acdn.mitiendanube.com/assets/themes/cubo/static/images/empty-placeholder.png,Campera de Gabardina Black Goku dragon ball z,$8.801
https://acdn.mitiendanube.com/assets/themes/cubo/static/images/empty-placeholder.png,Caja musical Tapion Dragon ball Z Gt super,$8.802
https://acdn.mitiendanube.com/assets/themes/cubo/static/images/empty-placeholder.png,Figura Sheng Long,$65.000
https://acdn.mitiendanube.com/assets/themes/cubo/static/images/empty-placeholder.png,Figura Goku Sper Master Starpiece Bootleg,$75.000
https://acdn.mitiendanube.com/assets/themes/cubo/static/images/empty-placeholder.png,Llavero Esferas del Dragon,$5.000
https://acdn.mitiendanube.com/assets/themes/cubo/static/images/empty-placeholder.png,Figura Trunks Full Power 25 cmts Bootleg,$45.000
https://acdn.mitiendanube.com/assets/themes/cubo/static/images/empty-placeholder.png,Set esferas del dragon x 7 (chicas),$32.000
https://acdn.mitiendanube.com/assets/themes/cubo/static/images/empty-placeholder.png,Lampara 7 esferas del dragon medianas Shenlong dbz,$20.000
https://acdn.mitiendanube.com/assets/themes/cubo/static/images/empty-placeholder.png,Diorama Goku vs Boo,$150.000
https://acdn.mitiendanube.com/assets/themes/cubo/static/images/empty-placeholder.png,Mate esfera 4 estrellas,$5.830
https://acdn.mitiendanube.com/assets/themes/cubo/static/images/empty-placeholder.png,Campera De Cuero Trunks,$219.780
https://acdn.mitiendanube.com/assets/themes/cubo/static/images/empty-placeholder.png,Lampara nave capsule,$35.200
https://acdn.mitiendanube.com/assets/themes/cubo/static/images/empty-placeholder.png,Jacket trunks gabardina con botones. Chaqueta hasta la cadera,$65.000
https://acdn.mitiendanube.com/assets/themes/cubo/static/images/empty-placeholder.png,Campera de Gabardina Attack on titian con capucha,$65.001
https://acdn.mitiendanube.com/assets/themes/cubo/static/images/empty-placeholder.png,Taza esfera 4 estrellas SHENLONG,$9.000
https://acdn.mitiendanube.com/assets/themes/cubo/static/images/empty-placeholder.png,Campera de Gabardina Trunks (Mujer) Chaqueta tipo tolera Capsule corps,$55.000
https://acdn.mitiendanube.com/assets/themes/cubo/static/images/empty-placeholder.png,Taza ramen esfera 4 estrellas,$12.000
https://acdn.mitiendanube.com/assets/themes/cubo/static/images/empty-placeholder.png,Campera de cuero Goku 59,$248.600
https://acdn.mitiendanube.com/assets/themes/cubo/static/images/empty-placeholder.png,Body go,$248.601
https://acdn.mitiendanube.com/assets/themes/cubo/static/images/empty-placeholder.png,Lampara Esfera 4 estrellas,$30.000
https://acdn.mitiendanube.com/assets/themes/cubo/static/images/empty-placeholder.png,Aros potara,$3.850
https://acdn.mitiendanube.com/assets/themes/cubo/static/images/empty-placeholder.png,Billetera Dragon Ball,$12.100
https://acdn.mitiendanube.com/assets/themes/cubo/static/images/empty-placeholder.png,Porta espiral Dragon Ball Krillin,$11.000
https://acdn.mitiendanube.com/assets/themes/cubo/static/images/empty-placeholder.png,"Set de Esferas de Dragón, Dragon Ball (tamaño real)",$220.000
https://acdn.mitiendanube.com/assets/themes/cubo/static/images/empty-placeholder.png,Grinder Esfera Del Dragon / Picador / Dbz,$20.000
https://acdn.mitiendanube.com/assets/themes/cubo/static/images/empty-placeholder.png,"Esfera del dragon 4 estrellas tamaño real 7,6 CM DBZ",$22.000
https://acdn.mitiendanube.com/assets/themes/cubo/static/images/empty-placeholder.png,cesto tacho Freezer,$15.000
https://m.media-amazon.com/images/I/71TpbwwOYdL._AC_UL320_.jpg,"Bioworld Dragon Ball Z - Conjunto de ropa de dormir juvenil con camiseta, pantalones cortos para dormir y pantalones para dormir",US$24.99
https://m.media-amazon.com/images/I/71m2B4jWuoL._AC_UL320_.jpg,Dragonball Z Super Ultra Instinct Camiseta de cuello redondo para hombre,US$19.99
https://m.media-amazon.com/images/I/61iR6NBY2AL._AC_UL320_.jpg,Dragon Ball Goku Super Saiyan - Pantalones de pijama para hombre,US$19.99
https://m.media-amazon.com/images/I/61XcLZHEKvL._AC_UL320_.jpg,"Albornoz de anime, pijama de anime de dragón z para hombre, disfraz de una sola pieza, bata de baño larga para cosplay",US$31.99
https://m.media-amazon.com/images/I/71UHt5TvulL._AC_UL320_.jpg,"Dragon Ball Hat Z Anime 4 Star Dragon Ball Parche bordado Super Saiyan Goku Gohan Trunks Vegeta Precurve Snapback Cap Negro, Negro -",US$19.99
https://m.media-amazon.com/images/I/8113WEh8UHL._AC_UL320_.jpg,"Dragonball Z Goku Character - Pijama para hombre con opciones de pierna corta o larga, Pierna larga.",US$23.00
https://m.media-amazon.com/images/I/51+O1T93EBL._AC_UL320_.jpg,Feelin Good Tees - Camiseta divertida para jugadores con frase gráfica de video juegos “Can't Hear You I'm Gaming” y audífonos estampados,US$19.99
https://m.media-amazon.com/images/I/71XctFeKXyL._AC_UL320_.jpg,"Camiseta con texto en inglés ""I Don't Need Google, My Daughter Knows Everything"" para padres bromistas (idioma español no garantizado)",US$19.99
https://m.media-amazon.com/images/I/61JQHElvNNL._AC_UL320_.jpg,Dragon Ball Z Super Goku Character - Camiseta negra para hombre,US$24.99
https://m.media-amazon.com/images/I/71A7HOanRlL._AC_UL320_.jpg,"Bioworld Dragon Ball Z - Gorro de punto para hombre, color negro, Negro -",US$13.59
https://m.media-amazon.com/images/I/61wWdAxqpIL._AC_UL320_.jpg,"Dragon Ball Z Gorra ajustable Snapback, Naranja",US$19.99
https://m.media-amazon.com/images/I/71R12CTVBEL._AC_UL320_.jpg,Dragon Ball Z Characters & Kanji - Pantalones de pijama para niño (2 unidades),US$24.99
https://m.media-amazon.com/images/I/811+J7-zrgL._AC_UL320_.jpg,"Calcetines Dragon Ball Z, paquete de 2 unidades, Dragon Ball Super Goku, casuales, novedosos, de punto de personajes para hombre, se adaptan a zapatos de talla 8 a 12, Dragón Goku",US$11.99
https://m.media-amazon.com/images/I/715MzeKzt8L._AC_UL320_.jpg,Paquete de 2 mamelucos de manga corta para bebés y niños pequeños con dibujos animados,US$19.99
https://m.media-amazon.com/images/I/519ysQ-oC7L._AC_UL320_.jpg,Dragon Ball Z Anime Heroes - Conjunto de camiseta y pantalones cortos para niño,US$24.99
https://m.media-amazon.com/images/I/71w79xvBNnL._AC_UL320_.jpg,"Dragon Ball Z Anime Cartoon Symbol Patch Orange Cuffed Beanie, Naranja",US$14.99
https://m.media-amazon.com/images/I/71m2B4jWuoL._AC_UL320_.jpg,"Dragonball Z Super Ultra Instinct Camiseta de cuello redondo para hombre, Negro -",US$19.99
https://m.media-amazon.com/images/I/81cHvDdGRpL._AC_UL320_.jpg,"Dragon Ball Z Majin Buu & Goku Sublimación Panel Gorra de Béisbol Multicolor, Multi colorido",US$14.99
https://m.media-amazon.com/images/I/514dNUjzGVL._AC_UL320_.jpg,Bioworld Dragonball Super - Conjunto de sudadera con capucha y pantalones deportivos negros para hombre,US$46.99
https://m.media-amazon.com/images/I/71QhRoL9HyL._AC_UL320_.jpg,"Gorra ajustable Dragon Ball Z Kanji Goku, Dbz Goku",US$19.99
https://m.media-amazon.com/images/I/61B2OFvbrYL._AC_UL320_.jpg,Bioworld Dragon Ball Z Anime Cartoon - Juego de 3 calzoncillos tipo bóxer para hombre,US$19.99
https://m.media-amazon.com/images/I/71m2B4jWuoL._AC_UL320_.jpg,"Dragonball Z Super Ultra Instinct Camiseta de cuello redondo para hombre, Negro -",US$19.99
https://m.media-amazon.com/images/I/61smRGP-BFL._AC_UL320_.jpg,COTTORY Pantalones de chándal Hiphop Dance para hombre,US$18.99
https://m.media-amazon.com/images/I/61aCcvqKSqL._AC_UL320_.jpg,"Sudaderas con capucha impresas en 3D para niños y niñas, sudaderas con capucha novedosas, ropa fresca, color negro y rojo",US$26.99
https://m.media-amazon.com/images/I/51hOvC2g2QS._AC_UL320_.jpg,"Batas de satén para hombre con pantalones cortos, ropa de dormir ligera de manga larga con estampado de kimono",US$34.99
https://m.media-amazon.com/images/I/71S160MqmtL._AC_UL320_.jpg,"Dragon Ball Z Goku Kanji - Camiseta con estampado gráfico para hombre, color amarillo",US$14.95
https://m.media-amazon.com/images/I/61eFE2r8fVL._AC_UL320_.jpg,"Dragonball - Paquete de 5 calcetines para hombre, Multi colorido",US$21.99
https://m.media-amazon.com/images/I/619gzyvUIlL._AC_UL320_.jpg,Dragon Ball Super Characters - Camiseta gráfica negra para niños,US$17.99
https://m.media-amazon.com/images/I/61OLrzMiJkL._AC_UL320_.jpg,Dragon Ball Z Characters - Camisetas de manga corta con cuello redondo para niño (4 unidades),US$27.99
https://m.media-amazon.com/images/I/71yYeGQP0-L._AC_UL320_.jpg,Dragon Ball Super Character - Camiseta negra con cuello redondo para hombre,US$19.99
https://m.media-amazon.com/images/I/61FSfwZ-qUL._AC_UL320_.jpg,Sudaderas con capucha con estampado 3D para hombre - Sudadera gráfica para mujeres adolescentes,US$24.99
https://m.media-amazon.com/images/I/71R12CTVBEL._AC_UL320_.jpg,Dragon Ball Z Characters & Kanji - Pantalones de pijama para niño (2 unidades),US$24.99
https://m.media-amazon.com/images/I/71m2B4jWuoL._AC_UL320_.jpg,Dragonball Z Super Ultra Instinct Camiseta de cuello redondo para hombre,US$19.99
https://m.media-amazon.com/images/I/81n3LIPT04L._AC_UL320_.jpg,Dragon Ball Z Goku On Cloud Nimbus - Suéter de punto para hombre,US$41.95
https://m.media-amazon.com/images/I/71nrbQHsPiL._AC_UL320_.jpg,"Bioworld Dragon Ball Z Goku Character Art & Kanji Symbols - Calcetines tobilleros para hombre, 5 pares, Paquete de 5 Dbz Art & Kanji",US$16.99
https://m.media-amazon.com/images/I/71Kj8NLA-VL._AC_UL320_.jpg,"Bioworld Dragonball Z Character Logos Crew Calcetines (paquete de 5 pares) Multi, Multi",US$26.99
https://m.media-amazon.com/images/I/71S7QNRitqL._AC_UL320_.jpg,"Dragon Ball Z Anime Sombrero Vegeta Saga Panel de Personajes Flatbill Snapback Gorra, Multicolor.",US$27.95
https://m.media-amazon.com/images/I/71FT2GvYSTL._AC_UL320_.jpg,Bioworld Dragon Ball Z Vegito Character Group Youth Royal Blue Graphic Tee,US$17.99
https://m.media-amazon.com/images/I/610-nVQmpEL._AC_UL320_.jpg,"Bioworld Paquete de 3 camisetas de manga corta para niño, camiseta sin mangas musculares, pantalones cortos atléticos",US$24.99
https://m.media-amazon.com/images/I/81RBdc85ZJL._AC_UL320_.jpg,Dragon Ball Z Legend in The Making Youth - Paquete de 3 camisetas de manga corta con cuello redondo,US$25.99
https://m.media-amazon.com/images/I/71rTFJ0s-1L._AC_UL320_.jpg,Dragon Ball Z Hero Group & Dragon Ball - Sudadera reversible de manga larga con cuello redondo y tofu,US$26.99
https://m.media-amazon.com/images/I/71y1d-r4amL._AC_UL320_.jpg,"Dragon Ball Z - Camiseta de anime para hombre, diseño de triángulo, para adulto",US$14.99
https://m.media-amazon.com/images/I/81G8xYwuO5L._AC_UL320_.jpg,"Dragon Ball Z Beanie and Snood para hombres y adolescentes - Conjunto de 2 piezas de gorro de invierno y calentador de cuello - Regalos de anime para él, Negro/Naranja",US$24.99
https://m.media-amazon.com/images/I/81+fWgd-VwL._AC_UL320_.jpg,"Dragon Ball Z Manta de gran tamaño con capucha para niños | Goku Warrior Family Symbol Fluffy Double Lined Sherpa Fleece Vuddie Black, Negro -",US$40.00
https://m.media-amazon.com/images/I/81I8hqPjp6L._AC_UL320_.jpg,Bioworld Calcetines deportivos Dragon Ball Z para hombre,US$9.99
https://m.media-amazon.com/images/I/612BA+kxH6L._AC_UL320_.jpg,"Kuberas Disfraz de anime de Dragon Z para adultos, pijama de franela con capucha de una pieza, disfraz de Halloween para hombre",US$31.98
https://m.media-amazon.com/images/I/61zBv9XZrqL._AC_UL320_.jpg,"Bata de baño de anime para hombre, Dragon Z, pijamas de anime, mameluco para hombre, bata de baño larga para cosplay",US$31.99
https://m.media-amazon.com/images/I/71m2B4jWuoL._AC_UL320_.jpg,"Dragonball Z Super Ultra Instinct Camiseta de cuello redondo para hombre, Negro -",US$19.99
https://m.media-amazon.com/images/I/614cakYx8QL._AC_UL320_.jpg,"Goku Majin Buu - Gorro de esquí hip-hop, gorro de invierno para hombres y mujeres, gorro de punto de cordón suave, gorro cálido",US$17.99
https://m.media-amazon.com/images/I/71uvUS2sOhL._AC_UL320_.jpg,Dragon Ball Z Vegeta Black and White Character Art Camiseta negra para hombre,US$24.99
https://m.media-amazon.com/images/I/41xzoHukdzL._AC_UL320_.jpg,Dragon Ball Z Goku and Kanji - Camiseta negra de manga corta para hombre,US$17.99
https://m.media-amazon.com/images/I/611+9Uebv9L._AC_UL320_.jpg,Bata de baño de anime Dragon z Anime Pijamas Batas para Hombre Albornoces Disfraz Hombres Bata de Baño Suave Larga Batas Cosplay,US$31.99
https://m.media-amazon.com/images/I/71Rw1qjHXGL._AC_UL320_.jpg,Dragon Ball Z Anime Heroes - Calzoncillos tipo bóxer para niños,US$17.99
https://m.media-amazon.com/images/I/81Qf+aaGm4L._AC_UL320_.jpg,"Dragon Ball Z - Calcetines de personajes Goku Vegeta Frieza Piccolo, paquete de 5 calcetines para adultos, Multi colorido",US$19.99
https://m.media-amazon.com/images/I/81K40YeWtZL._AC_UL320_.jpg,"Dragon Ball Z Gorras de béisbol para hombre y adolescente, correa ajustable, esenciales para vacaciones, sombreros de verano para hombres, gorra de camionero transpirable, regalos de anime para",US$15.99
https://m.media-amazon.com/images/I/61bjZQ5E02L._AC_UL320_.jpg,Bioworld Dragon Ball - Chaqueta Varsity unisex para adultos,US$59.99
https://m.media-amazon.com/images/I/61pf9pLkjJL._AC_UL320_.jpg,"Dragon Ball Z Dragon Balls - Pantalones de pijama para hombre, color negro",US$19.99
https://m.media-amazon.com/images/I/61AVfG0sRZL._AC_UL320_.jpg,"Camiseta divertida sarcástica con texto en inglés ""I Got Your Back Stick""",US$19.99
https://m.media-amazon.com/images/I/719KP9gA90S._AC_UL320_.jpg,Dragon Ball Super - Evolve 36277 figura Super Sayan Blue Gogeta de 5 pulgadas,US$14.99
https://m.media-amazon.com/images/I/61iXXHUUhyL._AC_UL320_.jpg,Bandai - Dragon Ball Super - Evolve - Figura de acción de Super Saiyan 3 Son Goku de 5 pulgadas,US$16.99
https://m.media-amazon.com/images/I/81kd9g5aHNL._AC_UL320_.jpg,Dragon Ball Super: Figura de acción de evolución Super Saiyajin,US$10.99
https://m.media-amazon.com/images/I/513ug96mXeL._AC_UL320_.jpg,Dragon Ball Super: Figura de acción de evolución Super Saiyajin,US$32.28
https://m.media-amazon.com/images/I/71tjoxjG0SL._AC_UL320_.jpg,Dragon Ball Super Evolve Super Hero - Figura de acción de Piccolo de 5 pulgadas (exclusivo de Amazon),US$10.99